字段序号,表名,表说明,变量名,说明,备注
1,t_Sqdl_A,一般情况,Guid,标识,
2,,,UserID,受试者ID,
3,,,SearchTime,调查时间,
4,,,A1,地区,
5,,,A2,姓名,
6,,,A3,性别,1=男 0=女
7,,,A4,出生日期,
8,,,A5,身份证号,
9,,,A6,工作单位（或村）,
10,,,A7,家庭详细住址,
11,,,A8,邮政编码,
12,,,A9a, 电话,
13,,,A9b, 电话,
14,,,A9c, 电话,
15,,,A10,联系人（不在同一住宅住）姓名,
16,,,A11,与本人关系,
17,,,A12,联系人工作单位,
18,,,A13,联系人住址,
19,,,A14,联系人邮政编码,
20,,,A15a,联系人电话,
21,,,A15b,联系人电话,
22,,,A15c,联系人电话,
23,,,A16,民族,1=汉 2=朝鲜 3=回族 4=满族 5=蒙古族 9=其它
24,,,A16_9a,民族,
25,,,A17,文化程度,1=未上学 2=小学 3=初中 4=高中/中专 5=大学 6=研究生
26,,,A18,婚姻状况,0=未婚 1=已婚/再婚/同居 2=分居 3=离异 4=丧偶
27,,,CreateUser,创建人,
28,,,CreateTime,创建时间,
29,,,Die,是否死亡,
30,,,Initials,名字缩写,
31,,,IsLock,,
32,,,Year,年度,
33,,,Export,是否导入,
34,,,SearchNo,调查编号,
35,,,Txm,条形码,
36,,,Qx,缺项,
37,,,Hcdj,核磁登记,
38,,,Hcjc,核磁检查,
39,,,HcjcDY,核磁打印,
40,,,Csxd,超声心动,
1,t_Sqdl_B,社会经济状况,GUID,,
2,,,StartTime,,
3,,,B1,B1 现在的职业,"01=各类专业、技术人员
02=国家机关、党群组织、企事业单位管理人员（行政、企事业、商业、工业、农业等管理人员）
03=办事人员和有关人员
04=商业工作人员
05=服务性工作人员
06=农林牧渔劳动者
07=生产工人、运输工人和有关人员
08=不便分类的其它劳动者
09=个体经营者
10=股民
11=家务
12=退休在家
13=退休再就业（包括临时性工作）
14=下岗待业
15=下岗再就业（包括临时性工作）"
4,,,B2,B2 如已退休/离休/下岗，退休/离休/下岗前职业属于下述哪一类？,"01=各类专业、技术人员
02国家机关、党群组织、企事业单位管理人员（行政、企事业、商业、工业、农业等管理人员）
03=办事人员和有关人员
04=商业工作人员
05=服务性工作人员
06=农林牧渔劳动者
07=生产工人、运输工人和有关人员
08=不便分类的其它劳动者
09=个体经营者
10=股民
11=家务"
5,,,B3,B3 过去一年，您的收入（实物+现金）折合人民币大约为,"1=小于5000元
2=5000-1万元
3=1-5万
4=5-10万
5=10-20万
6=20-50万
7=50-100万
8=100万以上"
6,,,B4,B4 您的家庭人均年收入（实物+现金）折合人民币大约为,
7,,,B5,B5 您认为您家的人均收入在当地处于什么水平？,"1=低收入
2=中等偏下
3=中等
4=中等偏上
5=高收入"
8,,,B6,"1=城镇职工基本医疗保险 
2=城镇居民基本医疗保险 
3=新型农村合作医疗
4=大病统筹 
5=商业医疗保险 
6=其它
7=没有任何医疗保险 ","1=城镇职工基本医疗保险 
2=城镇居民基本医疗保险 
3=新型农村合作医疗
4=大病统筹 
5=商业医疗保险 
6=其它
7=没有任何医疗保险 "
9,,,B6_6a,其他描述,
10,,,CreateTime,,
11,,,CreateUser,,
1,t_Sqdl_C,生活方式和行为,GUID,,
2,,,C11,C1.1 您曾吸过烟吗？,0=否 1=是
3,,,C12,C1.2 您多大年龄开始规律吸烟的？99=从未规律抽过烟,
4,,,C13,C1.3您最近 1 个月仍在吸烟吗？,0=否 1=是
5,,,C131,C1.3.1 你多大年龄停止吸烟的？,
6,,,C132,C1.3.2 为什么停止？,1=疾病 2=其他
7,,,C14,C1.4 您现在每天吸多少支烟（一两烟叶折合 50支香烟）？,
8,,,C15,C1.5 您维持目前的吸烟习惯有多少年了？,
9,,,C16,C1.6 您曾经戒过烟吗？,0=否 1=是
10,,,C161,C1.6.1 您累计戒烟多少年？,
11,,,C162,C1.6.2 为什么戒烟？,1=疾病 2=其他
12,,,C17,C1.7 您在整个吸烟期间平均每天吸多少支？,
13,,,C18,C1.8 您接触的室内环境是否经常有人吸烟？,0=否 1=是
14,,,C181,C1.8.1 您在自己家室内平均每天接触烟草烟雾多长时间？,
15,,,C182,C1.8.2 您在工作场所室内平均每天接触烟草烟雾多长时间？,
16,,,C183,C1.8.3 您在其它室内场所平均每天接触烟草烟雾多长时间？,
17,,,C184,C1.8.4 您被动吸烟共有多少年？,
18,,,C21,C2.1 您曾饮酒吗（至少每周 1 次）？,0=否 1=是
19,,,C22,C2.2 您多大年龄开始规律饮酒的？,
20,,,C23,C2.3 您最近 1 个月饮酒吗（至少每周 1 次）？,0=否 1=是
21,,,C231,C2.3.1 您多大年龄戒酒的？,
22,,,C232,C2.3.2 为什么戒酒？,
23,,,C24,C2.4 您曾经戒过酒吗？,0=否 1=是
24,,,C241,C2.4.1 您累计戒酒多少年？,
25,,,C242,C2.4.2 为什么戒酒？,1=疾病 2=其他
26,,,C251_1,C2.5.1 您饮酒的种类和饮酒量？-啤酒-饮用频度,0=不饮 1=天 2=周
27,,,C251_2,C2.5.1 您饮酒的种类和饮酒量？-啤酒-次数,
28,,,C251_3,C2.5.1 您饮酒的种类和饮酒量？-啤酒-平均每次饮用量,
29,,,C251_4,C2.5.1 您饮酒的种类和饮酒量？-啤酒-通常月均量,
30,,,C251_5,C2.5.1 您饮酒的种类和饮酒量？-啤酒-酒精度,
31,,,C251_6,C2.5.1 您饮酒的种类和饮酒量？-啤酒-月数/年,
32,,,C252_1,C2.5.2 您饮酒的种类和饮酒量？-白酒-饮用频度,0=不饮 1=天 2=周
33,,,C252_2,C2.5.2 您饮酒的种类和饮酒量？-白酒-次数,
34,,,C252_3,C2.5.2 您饮酒的种类和饮酒量？-白酒-平均每次饮用量,
35,,,C252_4,C2.5.2 您饮酒的种类和饮酒量？-白酒-通常月均量,
36,,,C252_5,C2.5.2 您饮酒的种类和饮酒量？-白酒-酒精度,
37,,,C252_6,C2.5.2 您饮酒的种类和饮酒量？-白酒-月数/年,
38,,,C253_1,C2.5.3 您饮酒的种类和饮酒量？-葡萄酒-饮用频度,0=不饮 1=天 2=周
39,,,C253_2,C2.5.3 您饮酒的种类和饮酒量？-葡萄酒-次数,
40,,,C253_3,C2.5.3 您饮酒的种类和饮酒量？-葡萄酒-平均每次饮用量,
41,,,C253_4,C2.5.3 您饮酒的种类和饮酒量？-葡萄酒-通常月均量,
42,,,C253_5,C2.5.3 您饮酒的种类和饮酒量？-葡萄酒-酒精度,
43,,,C253_6,C2.5.3 您饮酒的种类和饮酒量？-葡萄酒-月数/年,
44,,,C254_1,C2.5.4 您饮酒的种类和饮酒量？-黄酒-饮用频度,0=不饮 1=天 2=周
45,,,C254_2,C2.5.4 您饮酒的种类和饮酒量？-黄酒-次数,
46,,,C254_3,C2.5.4 您饮酒的种类和饮酒量？-黄酒-平均每次饮用量,
47,,,C254_4,C2.5.4 您饮酒的种类和饮酒量？-黄酒-通常月均量,
48,,,C254_5,C2.5.4 您饮酒的种类和饮酒量？-黄酒-酒精度,
49,,,C254_6,C2.5.4 您饮酒的种类和饮酒量？-黄酒-月数/年,
50,,,C255_1,C2.5.5 您饮酒的种类和饮酒量？-米酒-饮用频度,0=不饮 1=天 2=周
51,,,C255_2,C2.5.5 您饮酒的种类和饮酒量？-米酒-次数,
52,,,C255_3,C2.5.5 您饮酒的种类和饮酒量？-米酒-平均每次饮用量,
53,,,C255_4,C2.5.5 您饮酒的种类和饮酒量？-米酒-通常月均量,
54,,,C255_5,C2.5.5 您饮酒的种类和饮酒量？-米酒-酒精度,
55,,,C255_6,C2.5.5 您饮酒的种类和饮酒量？-米酒-月数/年,
56,,,C256_1,C2.5.6 您饮酒的种类和饮酒量？-其它酒-饮用频度,0=不饮 1=天 2=周
57,,,C256_2,C2.5.6 您饮酒的种类和饮酒量？-其它酒-次数,
58,,,C256_3,C2.5.6 您饮酒的种类和饮酒量？-其它酒-平均每次饮用量,
59,,,C256_4,C2.5.6 您饮酒的种类和饮酒量？-其它酒-通常月均量,
60,,,C256_5,C2.5.6 您饮酒的种类和饮酒量？-其它酒-酒精度,
61,,,C256_6,C2.5.6 您饮酒的种类和饮酒量？-其它酒-月数/年,
62,,,C31,C3.1 您是否经常饮茶（每周至少 3次）？,0=否 1=是
63,,,C32,C3.2 您保持目前的饮茶习惯有多少年了？,
64,,,C411_1,C4.1.1 主食-食用频度,0=不吃 1=天 2=周 3=月 4=年
65,,,C411_2,C4.1.1 主食-食用量,
66,,,C411_3,C4.1.1 主食-食用量,
67,,,C412_1,C4.1.2 新鲜蔬菜-食用频度,0=不吃 1=天 2=周 3=月 4=年
68,,,C412_2,C4.1.2 新鲜蔬菜-食用量,
69,,,C412_3,C4.1.2 新鲜蔬菜-食用量,
70,,,C413_1,C4.1.3 肉类（猪、牛、羊、鸡、鸭等）-食用频度,0=不吃 1=天 2=周 3=月 4=年
71,,,C413_2,C4.1.3 肉类（猪、牛、羊、鸡、鸭等）-食用量,
72,,,C413_3,C4.1.3 肉类（猪、牛、羊、鸡、鸭等）-食用量,
73,,,C414_1,C4.1.4 鱼类-食用频度,0=不吃 1=天 2=周 3=月 4=年
74,,,C414_2,C4.1.4 鱼类-食用量,
75,,,C414_3,C4.1.4 鱼类-食用量,
76,,,C415_1,C4.1.5 蛋类（鸡蛋、鸭蛋等）-食用频度,0=不吃 1=天 2=周 3=月 4=年
77,,,C415_2,C4.1.5 蛋类（鸡蛋、鸭蛋等）-食用量,
78,,,C415_3,C4.1.5 蛋类（鸡蛋、鸭蛋等）-食用量,
79,,,C416_1,C4.1.6 奶类（折合成鲜奶）-食用频度,0=不吃 1=天 2=周 3=月 4=年
80,,,C416_2,C4.1.6 奶类（折合成鲜奶）-食用量,
81,,,C416_3,C4.1.6 奶类（折合成鲜奶）-食用量,
82,,,C417_1,C4.1.7 豆制品（以豆腐计）-食用频度,0=不吃 1=天 2=周 3=月 4=年
83,,,C417_2,C4.1.7 豆制品（以豆腐计）-食用量,
84,,,C417_3,C4.1.7 豆制品（以豆腐计）-食用量,
85,,,C418_1,C4.1.8 新鲜水果-食用频度,0=不吃 1=天 2=周 3=月 4=年
86,,,C418_2,C4.1.8 新鲜水果-食用量,
87,,,C418_3,C4.1.8 新鲜水果-食用量,
88,,,C419_1,C4.1.9 咸菜-食用频度,0=不吃 1=天 2=周 3=月 4=年
89,,,C419_2,C4.1.9 咸菜-食用量,
90,,,C419_3,C4.1.9 咸菜-食用量,
91,,,C42,C4.2 您家通常多少人在一起用餐？,
92,,,C43,C4.3 其中6岁及以下的人数？,
93,,,C44,C4.4 您家通常每个月吃多少斤植物油？,
94,,,C45,C4.5 您家通常每个月吃多少斤动物油？,
95,,,C46,C4.6 您家通常每个月吃多少两盐？,
96,,,C51,C5.1 请问您的工作（或职业）在体力活动强度上属于或接近下列哪种类型？,"0=无工作
1=极轻(静坐型。工作大部分时间里是坐着的。如办公室职业)
2=轻(站立型。工作大部分时间是站立或走动，但工作体力强度并不大。如售货员等)
3=中(操作型。工作需一定的体力来对付重物和使用工具。如管道工、电工、木工)
4=重(重体力型。工作包含非常费力的体力活动。如搬运工、矿工、砖场工人、捕鱼等)"
97,,,C52,C5.2 请问您的工作有无休息日？,0=无 1=有
98,,,C521,C5.2 请问您的工作有无休息日？（时长）,
99,,,C5311,C5.3.1.1 重体力劳动/活动的时间有多久？,
100,,,C5312,C5.3.1.2 中等体力劳动/活动的时间有多久？,
101,,,C5313,C5.3.1.3 轻度体力劳动/活动的时间有多久？,
102,,,C5314,C5.3.1.4 坐着的时间有多久？,
103,,,C5321_1,C5.3.2.1 乘坐机动车的时间有多久？-工作日（小时）,
104,,,C5321_2,C5.3.2.1 乘坐机动车的时间有多久？-休息日（小时）,
105,,,C5322_1,C5.3.2.2 骑自行车的时间有多久？-工作日（小时）,
106,,,C5322_2,C5.3.2.2 骑自行车的时间有多久？-休息日（小时）,
107,,,C5323_1,C5.3.2.3 步行的时间有多久？-工作日（小时）,
108,,,C5323_2,C5.3.2.3 步行的时间有多久？-休息日（小时）,
109,,,C5331_1,C5.3.3.1 重体力活动的时间有多久？-工作日（小时）,
110,,,C5331_2,C5.3.3.1 重体力活动的时间有多久？-休息日（小时）,
111,,,C5332_1,C5.3.3.1 重体力活动的时间有多久？-工作日（小时）,
112,,,C5332_2,C5.3.3.2 中等体力活动的时间有多久？-休息日（小时）,
113,,,C5333_1,C5.3.3.3 轻度体力活动的时间有多久？-工作日（小时）,
114,,,C5333_2,C5.3.3.3 轻度体力活动的时间有多久？-休息日（小时）,
115,,,C5334_1,C5.3.3.4 坐着的时间有多久？-工作日（小时）,
116,,,C5334_2,C5.3.3.4 坐着的时间有多久？-休息日（小时）,
117,,,C5341_1,C5.3.4.1 重体力活动/劳动的时间有多久？-工作日（小时）,
118,,,C5341_2,C5.3.4.1 重体力活动/劳动的时间有多久？-休息日（小时）,
119,,,C5342_1,C5.3.4.2 中等体力活动/劳动的时间有多久？-工作日（小时）,
120,,,C5342_2,C5.3.4.2 中等体力活动/劳动的时间有多久？-休息日（小时）,
121,,,C5343_1,C5.3.4.3 轻度体力活动/劳动的时间有多久？-工作日（小时）,
122,,,C5343_2,C5.3.4.3 轻度体力活动/劳动的时间有多久？-休息日（小时）,
123,,,C5344_1,C5.3.4.4 坐着的时间有多久？-工作日（小时）,
124,,,C5344_2,C5.3.4.4 坐着的时间有多久？-休息日（小时）,
125,,,C5345_1,C5.3.4.5 静卧休息的时间有多久？-工作日（小时）,
126,,,C5345_2,C5.3.4.5 静卧休息的时间有多久？-休息日（小时）,
127,,,CreateTime,,
128,,,CreateUser,,
1,t_Sqdl_E,家族史,GUID,,
2,,,E1_1,E1 高血压-父亲,0=无 1=有 9=不详
3,,,E1_2,E1 高血压-母亲,0=无 1=有 9=不详
4,,,E1_3,E1 高血压-无兄弟姐妹,1-无兄弟姐妹
5,,,E1_3_a,E1 高血压-兄弟姐妹发病人数,
6,,,E1_3_b,E1 高血压-兄弟姐妹总人数,
7,,,E1_4_a,E1 高血压-子女发病人数,
8,,,E1_4_b,E1 高血压-子女总人数,
9,,,E2_1,E2 高血脂-父亲,0=无 1=有 9=不详
10,,,E2_2,E2 高血脂-母亲,0=无 1=有 9=不详
11,,,E2_3,E2 高血脂-无兄弟姐妹,1-无兄弟姐妹
12,,,E2_3_a,E2 高血脂-兄弟姐妹发病人数,
13,,,E2_3_b,E2 高血脂-兄弟姐妹总人数,
14,,,E2_4_a,E2 高血脂-子女发病人数,
15,,,E2_4_b,E2 高血脂-子女总人数,
16,,,E3_1,E3 糖尿病-父亲,0=无 1=有 9=不详
17,,,E3_2,E3 糖尿病-母亲,0=无 1=有 9=不详
18,,,E3_3,E3 糖尿病-无兄弟姐妹,1-无兄弟姐妹
19,,,E3_3_a,E3 糖尿病-兄弟姐妹发病人数,
20,,,E3_3_b,E3 糖尿病-兄弟姐妹总人数,
21,,,E3_4_a,E3 糖尿病-子女发病人数,
22,,,E3_4_b,E3 糖尿病-子女总人数,
23,,,E4_1,E4 冠心病-父亲,0=无 1=有 9=不详
24,,,E4_2,E4 冠心病-母亲,0=无 1=有 9=不详
25,,,E4_3,E4 冠心病-无兄弟姐妹,1-无兄弟姐妹
26,,,E4_3_a,E4 冠心病-兄弟姐妹发病人数,
27,,,E4_3_b,E4 冠心病-兄弟姐妹总人数,
28,,,E4_4_a,E4 冠心病-子女发病人数,
29,,,E4_4_b,E4 冠心病-子女总人数,
30,,,E5_1,E5 脑卒中-父亲,0=无 1=有 9=不详
31,,,E5_2,E5 脑卒中-母亲,0=无 1=有 9=不详
32,,,E5_3,E5 脑卒中-无兄弟姐妹,1-无兄弟姐妹
33,,,E5_3_a,E5 脑卒中-兄弟姐妹发病人数,
34,,,E5_3_b,E5 脑卒中-兄弟姐妹总人数,
35,,,E5_4_a,E5 脑卒中-子女发病人数,
36,,,E5_4_b,E5 脑卒中-子女总人数,
37,,,E6_1,E6 心律失常-父亲,0=无 1=有 9=不详
38,,,E6_2,E6 心律失常-母亲,0=无 1=有 9=不详
39,,,E6_3,E6 心律失常-无兄弟姐妹,1-无兄弟姐妹
40,,,E6_3_a,E6 心律失常-兄弟姐妹发病人数,
41,,,E6_3_b,E6 心律失常-兄弟姐妹总人数,
42,,,E6_4_a,E6 心律失常-子女发病人数,
43,,,E6_4_b,E6 心律失常-子女总人数,
44,,,E7_1,E7 晕厥或猝死-父亲,0=无 1=有 9=不详
45,,,E7_2,E7 晕厥或猝死-母亲,0=无 1=有 9=不详
46,,,E7_3,E7 晕厥或猝死-无兄弟姐妹,1-无兄弟姐妹
47,,,E7_3_a,E7 晕厥或猝死-兄弟姐妹发病人数,
48,,,E7_3_b,E7 晕厥或猝死-兄弟姐妹总人数,
49,,,E7_4_a,E7 晕厥或猝死-子女发病人数,
50,,,E7_4_b,E7 晕厥或猝死-子女总人数,
51,,,CreateTime,,
52,,,CreateUser,,
1,t_Sqdl_F,月经史及生育史,GUID,,
2,,,F1,F1 您是否已绝经？,0=否 1=是
3,,,F11,F1.1 您现在是否怀孕？,0=否 1=是
4,,,F12,F1.2 您多大岁数绝经的？,
5,,,F13,F1.3 您是否使用雌激素替代？,"0=否
1=现在服
2=过去服，现在不服"
6,,,F2,F2 您服用过避孕药吗？,0=否 1=是
7,,,F21,您服用避孕药累计有多长时间？,
8,,,F3,F3 您怀过孕吗（包括当前怀孕者）？,0=否 1=是
9,,,F31,F3.1 您怀孕过多少次？99=不详,
10,,,F32,F3.2 您有过哺乳经历吗？,0=否 1=是
11,,,QuestionerNo,,
12,,,EndTime,,
13,,,CreateTime,,
14,,,CreateUser,,
1,t_Sqdl_G,利手,GUID,,
2,,,G1_1,K1 执笔-左手,"1= 1左手 
2= 2左手 "
3,,,G1_2,K1 执笔-右手,"1= 1右手
2= 2右手"
4,,,G2_1,K2 执筷-左手,"1= 1左手 
2= 2左手 "
5,,,G2_2,K2 执筷-右手,"1= 1右手
2= 2右手"
6,,,G3_1,K3 掷东西-左手,"1= 1左手 
2= 2左手 "
7,,,G3_2,K3 掷东西-右手,"1= 1右手
2= 2右手"
8,,,G4_1,K4 持牙刷刷牙-左手,"1= 1左手 
2= 2左手 "
9,,,G4_2,K4 持牙刷刷牙-右手,"1= 1右手
2= 2右手"
10,,,G5_1,K5 持剪刀-左手,"1= 1左手 
2= 2左手 "
11,,,G5_2,K5 持剪刀-右手,"1= 1右手
2= 2右手"
12,,,G6_1,K6 划火柴-左手,"1= 1左手 
2= 2左手 "
13,,,G6_2,K6 划火柴-右手,"1= 1右手
2= 2右手"
14,,,G7_1,K7 持线穿针-左手,"1= 1左手 
2= 2左手 "
15,,,G7_2,K7 持线穿针-右手,"1= 1右手
2= 2右手"
16,,,G8_1,K8 握钉锤-左手,"1= 1左手 
2= 2左手 "
17,,,G8_2,K8 握钉锤-右手,"1= 1右手
2= 2右手"
18,,,G9_1,K9 握球拍-左手,"1= 1左手 
2= 2左手 "
19,,,G9_2,K9 握球拍-右手,"1= 1右手
2= 2右手"
20,,,G10_1,K10 持毛巾洗脸-左手,"1= 1左手 
2= 2左手 "
21,,,G10_2,K10 持毛巾洗脸-右手,"1= 1右手
2= 2右手"
22,,,G11_1,左手得分,
23,,,G11_2,右手得分,
24,,,G12,总得分,
25,,,G13,差异值,
26,,,G14,结果分数,
27,,,G15,解释,
28,,,CreateTime,,
29,,,CreateUser,,
1,t_Sqdl_H,呼吸睡眠障碍调查,GUID,,
2,,,H1_1,H1.1 坐着阅读时,"0=从不打瞌睡
1=很少打瞌睡
2=有时打瞌睡
3=经常打瞌睡
9=从不阅读"
3,,,H1_2,H1.2 看电视时,"0=从不打瞌睡
1=很少打瞌睡
2=有时打瞌睡
3=经常打瞌睡
9=从不看电视
"
4,,,H1_3,H1.3 在公共场所坐着不动时,"0=从不打瞌睡
1=很少打瞌睡
2=有时打瞌睡
3=经常打瞌睡
9=从不在公共场所长时间久坐"
5,,,H1_4,H1.4 长时间坐车时（超过1小时），中间不休息,"0=从不打瞌睡
1=很少打瞌睡
2=有时打瞌睡
3=经常打瞌睡
9=从不长时间坐车"
6,,,H1_5,H1.5 下午静卧休息时,"0=从不打瞌睡
1=很少打瞌睡
2=有时打瞌睡
3=经常打瞌睡
9=从不在在下午静卧休息"
7,,,H1_6,H1.6 坐着与人谈话时,"0=从不打瞌睡
1=很少打瞌睡
2=有时打瞌睡
3=经常打瞌睡
9=从不长时间坐着与人谈话"
8,,,H1_7,H1.7 餐后休息时（未饮酒时）,"0=从不打瞌睡
1=很少打瞌睡
2=有时打瞌睡
3=经常打瞌睡
9=从不在餐后休息"
9,,,H1_8,H1.8 开车等红绿灯时,"0=从不打瞌睡
1=很少打瞌睡
2=有时打瞌睡
3=经常打瞌睡
9=从不开车"
10,,,CreateTime,,
11,,,CreateUser,,
1,t_Sqdl_I,KATZ日常生活能力（ADL）指数,GUID,,
2,,,I,未进行,1=未进行
3,,,I0,总分,
4,,,I1,1.洗澡,"1=独立完成,或仅需要部分帮助(帮助清洗身体某一部位，如背部）
0=需要帮助（不能独自洗澡，需要帮助进出浴室或浴缸，需要帮助清洗超过一个身体部位）"
5,,,I2,2.更衣,"1=完全独立完成，或者仅需要帮助系鞋带
0=需要帮助才能完成更衣。"
6,,,I3,3.入厕,"1=入厕大小便自如，便后能自己清洁、整理衣裤（可使用手杖等辅助器具）
0=需要帮助入厕和便后清洁；或完全使用便盆。"
7,,,I4,4.移动,"1=能自如地从床上起来或躺下以及从椅子上站起或坐下，无需要别人帮助（可使用手杖等辅助器具）
0=需要部分帮助，或者移动完全依赖别人帮助"
8,,,I5,5.二便控制,"1=能完全控制
0=有时或完全二便失禁"
9,,,I6,6.进食,"1=进食自理无需帮助（食物可以是由别人准备）
0=进食部分帮助，或完全依赖别人喂食，或胃肠外营养"
10,,,CreateTime,,
11,,,CreateUser,,
1,t_Sqdl_J,Lawton工具性日常生活活动能力量表,GUID,,
2,,,J,未进行,1=未进行
3,,,J1,1.使用电话的能力,"1=独立使用电话，含查电话本、拨号等
2=仅可拨熟悉的电话号码
3=仅会接电话，不会拨电话
4=完全不会使用电话
9=不适用"
4,,,J2,2.上街购物,"1=独立完成所有购物需求
2=独立购买日常生活用品
3=每次上街购物都需要有人陪同
4=完全不能上街购物
9=不适用"
5,,,J3,3.食物烹调,"1=能独立计划、烹饪和摆设一顿适当的饭菜
2=如果准备好一切佐料，会做一顿适当的饭菜
3=会将已做好的饭菜加热
4=需要别人把饭菜煮好、摆好
9=不适用"
6,,,J4,4.家务,"1=能独立完成所有家务，仅仅偶尔需要别人协助（如搬动沙发、擦地板、洗窗户等）
2=能做较简单的家事，如洗碗、铺床、叠被子
3=能做家事，但不能达到可被接受的整洁程度
4=所有家务都需要别人协助
9=不适用"
7,,,J5,5.洗衣物,"1=自己洗清所有衣物
2=只清洗小件衣物
3=完全依赖他人
9=不适用"
8,,,J6,6.外出活动,"1=能自己开车或自己搭乘大众运输工具
2=能够自己搭乘计程车，但不会搭乘其它大众运输工具
3=有人陪同或别人帮助下能搭乘大众运输工具
4=当有人陪同可搭乘计程车或小汽车
5=完全不能出门
9=不适用"
9,,,J7,7.服用药物,"1=能自己负责在正确的时间服用正确的药物
2=如果事先准备好服用的药物份量，可自行服用
3=不能自给服用药物
9=不适用"
10,,,J8,8.处理财务能力,"1=可独立处理财务（如预算、开具支票、付账、去银行存钱等）
2=可以处理日常的购买，但需要别人协助与银行往来或大宗买卖。
3=完全不能处理钱财
9=不适用"
11,,,CreateTime,,
12,,,CreateUser,,
1,t_Sqdl_K,跌倒,GUID,,
2,,,K1,1 过去1年中发生过的跌倒次数,"0=无
1=1次
2=2次
3=≥3次"
3,,,K2,2 您是否因跌倒而致骨折,0=否 1=是
4,,,K2_1a,如是，请具体描述骨折部位：,
5,,,CreateTime,,
6,,,CreateUser,,
1,t_Sqdl_L,膝关节相关问题调查,GUID,,
2,,,L1,I1 您是否有过持续超过3个月的脊柱后方疼痛？,0=否 1=是 9=不详
3,,,L1_1,I1.1 请选择疼痛部位：,"1=颈部
2=背部
3=腰部"
4,,,L1_2,I1.2 发生年龄：,
5,,,L1_3,I1.3 持续时间,"1= <3个月/年
2= 3-6个月/年
3= >6个月/年(但可缓解)
4= 持续疼痛无缓解"
6,,,L1_4,I1.4 是否缓慢发病？,0=否 1=是 9=不详
7,,,L2,I2 您是否被诊断过以下疾病,0-您是否被诊断过以下疾病-否
8,,,L3,I3 您是否有过骨折史？,0=否 1=是 9=不详
9,,,L3_a,I3.1 发生骨折的次数：,次?
10,,,L3_b,I3.2 发生骨折的部位,"1 发生骨折的部位-腕关节
2 发生骨折的部位-?腰椎
3 发生骨折的部位-髋关节
4 发生骨折的部位-其他"
11,,,L4,I4 您的膝关节是否受过比较严重的外伤？,0=否 1=是 9=不详
12,,,L4_1,I4.1 伤后关节是否出现过肿胀：,0=否 1=是 9=不详
13,,,L4_2,I4.2 伤后关节是否出现过活动受限？,0=否 1=是 9=不详
14,,,L5,I5 您的膝关节近1个月是否有反复发作的疼痛？,0=否 1=是 9=不详
15,,,L6,I6 您早晨是否有膝关节僵硬感：,"0=否 
1=有，持续>30分
2=有，持续<30分钟"
16,,,L7,I7 您在膝关节活动时是否听到骨摩擦音或骨摩擦感：,"0=否
1=有，但不伴有疼痛
2=有，但伴有疼痛"
17,,,L8,I8 您是否有超过3个月的膝关节疼痛（非外伤所致）,0=否 1=是 9=不详
18,,,L9,I9 您的膝关节是否有下列情况（非外伤所致）,0=否 1=是 9=不详
19,,,L9_1a,I9.1 如是请选择,"1 下蹲或站起过程中疼痛
2 上下楼梯或台阶时疼痛
3 走平路时疼痛
4 休息时疼痛
5 疼痛会影响睡眠"
20,,,L10,I10 您的膝关节是否有下列情况（非外伤所致）,0=否 1=是 9=不详
21,,,L10_1a,I10.1 如是请选择-超过1个星期的膝关节肿胀,1=是
22,,,L11,I10.1 如是请选择-不能完全伸直,2=是
23,,,L11_1a,I10.1 如是请选择-不能完全弯曲,3=是
24,,,CreateTime,I11 您在活动膝关节或走路过程中会有关节突然卡住（锁住）的感觉吗,0=否 1=是 9=不详
25,,,CreateUser,I11.1 如是请选择,"0=偶尔
1=经常"
1,t_Sqdl_M,认知检查,GUID,,
2,,,Ma,a 患有未被完全矫正的听力问题（例如：即使有助听器，但听力仍然受损）,0=不是 1=是 9=不清楚
3,,,Ma_1a,a 如果是，请描述,
4,,,Mb,b 患有未被完全矫正的视觉问题。（例如：即使戴眼镜，视觉仍然受损）,0=不是 1=是 9=不清楚
5,,,Mb_1a,b 如果是，请描述,
6,,,Mc,c 不能说话：因哑用手势表达(例如：患有脑中风而失语),
7,,,M1,M1 文化程度,
8,,,M2S,是否完成顺背数字广度检测？,0=否 1=是
9,,,M2S_1_1,顺背 6-4,"1=1
0=0"
10,,,M2S_1_2,顺背 9-1,"1=1
0=0"
11,,,M2S_2_1,顺背 5-9-1,"1=1
0=0"
12,,,M2S_2_2,顺背 2-3-9,"1=1
0=0"
13,,,M2S_3_1,顺背 7-6-0-1,"1=1
0=0"
14,,,M2S_3_2,顺背 4-9-3-7,"1=1
0=0"
15,,,M2S_4_1,顺背 6-7-0-3-4,"1=1
0=0"
16,,,M2S_4_2,顺背 8-7-0-1-4,"1=1
0=0"
17,,,M2S_5_1,顺背 7-3-4-6-0-1,"1=1
0=0"
18,,,M2S_5_2,顺背 1-4-0-2-6-5,"1=1
0=0"
19,,,M2S_6_1,顺背 6-5-9-8-4-2-0,"1=1
0=0"
20,,,M2S_6_2,顺背 7-9-6-0-2-1-4,"1=1
0=0"
21,,,M2S_7_1,顺背 8-4-0-1-5-7-4-2,"1=1
0=0"
22,,,M2S_7_2,顺背 5-7-3-9-6-2-6-9,"1=1
0=0"
23,,,M2S_8_1,顺背 2-7-3-3-5-9-2-9-0,"1=1
0=0"
24,,,M2S_8_2,顺背 8-4-1-7-6-0-2-9-2,"1=1
0=0"
25,,,M2S_9_1,顺背 6-1-3-8-5-7-6-2-3-1,"1=1
0=0"
26,,,M2S_9_2,顺背 1-5-9-8-7-2-3-7-3-2,"1=1
0=0"
27,,,M2S_10_1,顺背 9-4-3-4-1-8-3-5-6-4-9,"1=1
0=0"
28,,,M2S_10_2,顺背 8-1-9-0-6-4-5-1-2-9-6,"1=1
0=0"
29,,,M2S_11_1,顺背 2-4-9-6-5-3-4-9-5-6-2-5,"1=1
0=0"
30,,,M2S_11_2,顺背 6-8-9-0-3-2-5-6-8-1-4-7,"1=1
0=0"
31,,,M2S_12_1,顺背 7-5-2-6-0-9-3-2-3-1-7-6-8,"1=1
0=0"
32,,,M2S_12_2,顺背 2-1-8-0-4-6-7-9-1-2-3-5-7,"1=1
0=0"
33,,,M2S_13_1,,
34,,,M2S_13_2,,
35,,,M2Stotal,顺背数字广度 总分,
36,,,M2D,是否完成倒背数字广度检测？,0=否 1=是
37,,,M2D_1_1, 5-1,"1=1
0=0"
38,,,M2D_1_2," 	8-9","1=1
0=0"
39,,,M2D_2_1, 7-5-6,"1=1
0=0"
40,,,M2D_2_2, 6-2-0,"1=1
0=0"
41,,,M2D_3_1,"	4-8-3-9","1=1
0=0"
42,,,M2D_3_2,"	8-4-1-6","1=1
0=0"
43,,,M2D_4_1,8-0-6-7-1-3,"1=1
0=0"
44,,,M2D_4_2,9-2-8-6-7,"1=1
0=0"
45,,,M2D_5_1,8-0-6-7-1-3,"1=1
0=0"
46,,,M2D_5_2,"	8-6-0-8-5-4","1=1
0=0"
47,,,M2D_6_1,2-8-0-7-9-6-3,"1=1
0=0"
48,,,M2D_6_2,1-0-2-5-7-9-2,"1=1
0=0"
49,,,M2D_7_1,2-5-9-7-0-6-2-7,"1=1
0=0"
50,,,M2D_7_2,5-8-0-2-8-9-2-6,"1=1
0=0"
51,,,M2D_8_1,1-8-2-6-2-0-5-0-2,"1=1
0=0"
52,,,M2D_8_2,1-4-3-5-9-7-2-8-3,"1=1
0=0"
53,,,M2D_9_1,7-1-9-6-5-7-8-6-0-4,"1=1
0=0"
54,,,M2D_9_2,5-0-2-4-9-1-3-6-7-8,"1=1
0=0"
55,,,M2Dtotal,倒背数字广度 总分,
56,,,M3,是否完成FOM？,1=是 0=否
57,,,M3_Total,总分,
58,,,M3_1_1,球触觉命名,1=是 0=否
59,,,M3_1_2,球视觉命名,1=是 0=否
60,,,M3_1_3,球第一次回忆,1=是 0=否
61,,,M3_1_4,球第二次回忆,1=是 0=否
62,,,M3_1_5,球第三次回忆,1=是 0=否
63,,,M3_2_1,瓶触觉命名,1=是 0=否
64,,,M3_2_2,瓶视觉命名,1=是 0=否
65,,,M3_2_3,瓶第一次回忆,1=是 0=否
66,,,M3_2_4,瓶第二次回忆,1=是 0=否
67,,,M3_2_5,瓶第三次回忆,1=是 0=否
68,,,M3_3_1,纽扣触觉命名,1=是 0=否
69,,,M3_3_2,纽扣视觉命名,1=是 0=否
70,,,M3_3_3,纽扣第一次回忆,1=是 0=否
71,,,M3_3_4,纽扣第二次回忆,1=是 0=否
72,,,M3_3_5,纽扣第三次回忆,1=是 0=否
73,,,M3_4_1,扑克牌触觉命名,1=是 0=否
74,,,M3_4_2,扑克牌视觉命名,1=是 0=否
75,,,M3_4_3,扑克牌第一次回忆,1=是 0=否
76,,,M3_4_4,扑克牌第二次回忆,1=是 0=否
77,,,M3_4_5,扑克牌第三次回忆,1=是 0=否
78,,,M3_5_1,杯子触觉命名,1=是 0=否
79,,,M3_5_2,杯子视觉命名,1=是 0=否
80,,,M3_5_3,杯子第一次回忆,1=是 0=否
81,,,M3_5_4,杯子第二次回忆,1=是 0=否
82,,,M3_5_5,杯子第三次回忆,1=是 0=否
83,,,M3_6_1,钥匙触觉命名,1=是 0=否
84,,,M3_6_2,钥匙视觉命名,1=是 0=否
85,,,M3_6_3,钥匙第一次回忆,1=是 0=否
86,,,M3_6_4,钥匙第二次回忆,1=是 0=否
87,,,M3_6_5,钥匙第三次回忆,1=是 0=否
88,,,M3_7_1,汤匙触觉命名,1=是 0=否
89,,,M3_7_2,汤匙视觉命名,1=是 0=否
90,,,M3_7_3,汤匙第一次回忆,1=是 0=否
91,,,M3_7_4,汤匙第二次回忆,1=是 0=否
92,,,M3_7_5,汤匙第三次回忆,1=是 0=否
93,,,M3_8_1,钉子触觉命名,1=是 0=否
94,,,M3_8_2,钉子视觉命名,1=是 0=否
95,,,M3_8_3,钉子第一次回忆,1=是 0=否
96,,,M3_8_4,钉子第二次回忆,1=是 0=否
97,,,M3_8_5,钉子第三次回忆,1=是 0=否
98,,,M3_9_1,戒指触觉命名,1=是 0=否
99,,,M3_9_2,戒指视觉命名,1=是 0=否
100,,,M3_9_3,戒指第一次回忆,1=是 0=否
101,,,M3_9_4,戒指第二次回忆,1=是 0=否
102,,,M3_9_5,戒指第三次回忆,1=是 0=否
103,,,M3_10_1,剪刀触觉命名,1=是 0=否
104,,,M3_10_2,剪刀视觉命名,1=是 0=否
105,,,M3_10_3,剪刀第一次回忆,1=是 0=否
106,,,M3_10_4,剪刀第二次回忆,1=是 0=否
107,,,M3_10_5,剪刀第三次回忆,1=是 0=否
108,,,M3_11_1,第一次回忆正确数,
109,,,M3_11_2,第二次回忆正确数,
110,,,M3_11_3,第三次回忆正确数,
111,,,M3_12_1,第一次回忆正确累计数,
112,,,M3_12_2,第二次回忆正确累计数,
113,,,M3_12_3,第三次回忆正确累计数,
114,,,M3_13_1,第一次回忆错误总数,
115,,,M3_13_2,第二次回忆错误总数,
116,,,M3_13_3,第三次回忆错误总数,
117,,,M3_14_1,第一次回忆即刻重复数,
118,,,M3_14_2,第二次回忆即刻重复数,
119,,,M3_14_3,第三次回忆即刻重复数,
120,,,M3_15_1,第一次回忆延迟重复数,
121,,,M3_15_2,第二次回忆延迟重复数,
122,,,M3_15_3,第三次回忆延迟重复数,
123,,,M3_16,FOM总分,
124,,,M4_1_1,0-15秒 动物 个数,
125,,,M4_2_1,0-15秒 蔬菜 个数,
126,,,M4_3_1,0-15秒 水果 个数,
127,,,M4_1_2,16-30秒 动物 个数,
128,,,M4_2_2,16-30秒 蔬菜 个数,
129,,,M4_3_2,16-30秒 水果 个数,
130,,,M4_1_3,31-45秒 动物 个数,
131,,,M4_2_3,31-45秒 蔬菜 个数,
132,,,M4_3_3,31-45秒 水果 个数,
133,,,M4_1_4,46-60秒 动物 个数,
134,,,M4_2_4,46-60秒 蔬菜 个数,
135,,,M4_3_4,46-60秒 水果 个数,
136,,,M4_1_5,动物总正确数,
137,,,M4_2_5,蔬菜总正确数,
138,,,M4_3_5,水果总正确数,
139,,,M4_1_6,动物破坏规则,
140,,,M4_2_6,蔬菜破坏规则,
141,,,M4_3_6,水果破坏规则,
142,,,M4_1_7,动物持续语言,
143,,,M4_2_7,蔬菜持续语言,
144,,,M4_3_7,水果持续语言,
145,,,M4_1_8,动物其他错误,
146,,,M4_2_8,蔬菜其他错误,
147,,,M4_3_8,水果其他错误,
148,,,M4_1_9,动物自我更正,
149,,,M4_2_9,蔬菜自我更正,
150,,,M4_3_9,水果自我更正,
151,,,M5_1_1,简易智能状态检查（EMMSE）是否完成检查,1=是 0=否
152,,,M5_1_2,EMMSE总分,
153,,,M5_2_1,EMOCA是否完成检查,1=是 0=否
154,,,M5_2_2,EMOCA总分,
155,,,M5_3_1,ETMTA是否完成检查,1=是 0=否
156,,,M5_3_2,ETMTA总分,
157,,,M5_4_1,ETMTB是否完成检查,1=是 0=否
158,,,M5_4_2,ETMTB总分,
159,,,M5_5_1,画钟是否完成检查,1=是 0=否
160,,,M5_5_2,画钟总分,
161,,,M5_6_1,阿基米德线是否完成检查,1=是 0=否
162,,,M5_6_2,阿基米德线总分,
163,,,CreateTime,,
164,,,CreateUser,,
1,t_Sqdl_N,体格测量,GUID,,
2,,,N1,N1 身高,
3,,,N2,N2 腰围,
4,,,N3,N3 臀围,1=男 0=女
5,,,QuestionerNo1,测量者编码,
6,,,N4,N4 体重,"1=干部
2=专业技术人员
3=办事人员及有关人员
4=商业及服务业人员
5=农、林、牧、渔、水利业生产人员
6=生产、运输人员及有关人员
7=军人
8=不便分类其他人员
9=无业者
10=离/退休
11=学生
99=不详"
7,,,N51,基础代谢,
8,,,N52,身体脂肪率,
9,,,N53,内脏脂肪指数,
10,,,QuestionerNo2,测量者编码,
11,,,N6,N6脉搏,
12,,,N71,收缩压第一次,
13,,,N72,舒张压第一次,
14,,,N73,收缩压第二次,
15,,,N74,舒张压第二次,
16,,,N75,收缩压第三次,
17,,,N76,舒张压第三次,
18,,,QuestionerNo3,测量者编码,
19,,,CreateTime,,
20,,,CreateUser,,
1,t_Sqdl_P,检查项目完成情况记录单,GUID,,
2,,,P1,血压是否完成,1=已完成 0=未完成
3,,,P21,1 从昨晚8点至现在，吃过东西没有（包括牛奶、豆浆等）？,1=是 0=否
4,,,P211_1,吃的什么？,1=是 1=否
5,,,P211_2,吃了多少？（克）,
6,,,P211_3,吃的时间？昨晚（时）,
7,,,P211_4,吃的时间？今晨（时）,
8,,,P211_5,吃的什么？,
9,,,P211_6,吃了多少？（克）,
10,,,P211_7,吃的时间？昨晚（时）,
11,,,P211_8,吃的时间？今晨（时）,
12,,,P22,2 是否抽血？,
13,,,P22_1_1,抽血时间,
14,,,P221,2.1不能抽血原因,1-抽血不成功 2-今晨进食 3-不合作
15,,,P222,2.2 预约补抽时间,
16,,,P223,2.3 是否补抽？,1=是 1=否
17,,,P3,调查表是否完成,1=已完成 0=未完成
18,,,P4,身高、腰围、臀围测量是否完成,1=已完成 0=未完成
19,,,P5,体重、体脂测量是否完成,1=已完成 0=未完成
20,,,P6,心电图是否完成,1=已完成 0=未完成
21,,,CreateTime,,
22,,,CreateUser,,
1,t_Sqdl_O,心电图,GUID,,
2,,,O1,X1 心电图是否正常？,0=否 1=是
3,,,O11,X1.1 ST-T改变,0=否 1=是
4,,,O12,X1.2 病理性 Q 波,0=否 1=是
5,,,O13,X1.3 左心室肥厚,0=否 1=是
6,,,O14,X1.4 房颤,0=否 1=是
7,,,O15,X1.5 其它异常,
8,,,QuestionerNo,测量者编码,
9,,,CreateTime,,
10,,,CreateUser,,
1,t_Sqdl_D,个人史,GUID,,
2,,,D1,D1 您的出生体重是多少？,
3,,,D2,D2 您25岁时的体重是多少？,
4,,,D3,D3 您患有高血压吗,0=否 1=是 9=不详
5,,,D31,D3.1 您患高血压有多少年了？,
6,,,D32,D3.2 您近一年服用降压药的情况？,0=不服 1=偶服 2=经常服
7,,,D33,D3.3 您两周内服用降压药的情况？,0=不服 1=服
8,,,D41,D4.1 您是否被医生诊断过患有脑卒中（脑梗死、脑梗塞、脑血栓、脑出血、脑溢血）？,0=无 1=有 9=不详
9,,,D411,D4.1.1 医生诊断您是？,1=脑梗死 2=脑出血 3=脑梗死和脑出血 9=不详
10,,,D412,D4.1.2 发病时的症状,1=半身瘫痪 2=半身麻木 3 言语不清或言语表达困难 4=视力障碍 5=头晕 6=无特殊不适，照片子时发现 7=不详
11,,,D412_7a,发病具体描述,
12,,,D413,D4.1.3 首次发病时的年龄,
13,,,D414,D4.1.4 共发病几次,
14,,,D415,D4.1.5 诊断时是否照过头部片子,"0-否 1-是,头部CT 2-是，头部MRI"
15,,,D416,D4.1.6 您目前的状况属于下述哪一种？,0-完全无症状 1-虽有症状，但无明显残疾，能够完成所有日常 2-轻度残障，不能完成病前全部日常活动，但生 3-中度残疾，需要一些帮助，但行走无需帮助 4-中重度残疾，需帮助才能行走，需帮助才能完 5-重度残疾，卧床不起，二便失禁，需日常护理
16,,,D421,D4.2.1从出生到现在，您是否有过头痛？,0=否 1=是
17,,,D422,D4.2.2从出生到现在您是否出现过头痛（不是由于外伤，醉酒，感冒等引起）,0=否 1=是
18,,,D4231,D4231 在过去的1年中，是否有过头痛,0=否 1=是 9=不详
19,,,D4232,D4232 在过去的3个月，您每月头疼都超过15天吗？,0=否 1=是 9=不详
20,,,D4233a,D4233 这种类型头痛的发生频率？――每天,
21,,,D4233b,D4233 这种类型头痛的发生频率？月,
22,,,D4233c,D4233 这种类型头痛的发生频率？年,
23,,,D4234a,D4234 头痛发作一般持续多长时间？-一直不消失,
24,,,D4234b,D4234 头痛发作一般持续多长时间？分钟,
25,,,D4234c,D4234 头痛发作一般持续多长时间？小时,
26,,,D4234d,D4234 头痛发作一般持续多长时间？天,
27,,,D4235,D4235 一般这种类型的头痛程度有多重？,"1=轻度
2=中度
3=重度"
28,,,D4236,D4236 关于这种类型的头痛，那个描述是最合适的？,"1=搏动样或悸动样（即程度随心跳变化）
2=压迫样的，紧匝感，或非搏动性
3=重度"
29,,,D4237,D4237 头痛是否经常只在头的一侧,0=否 1=是
30,,,D4238,D4238 日常运动（如走路或上楼梯）会使头痛加重吗？,0=否 1=是
31,,,D4239,D4239 头痛时会经常觉得恶心吗（虽然您可能无呕吐或吐不出来）？,0=否 1=是
32,,,D42310,D4.2.3.10 这种类型头痛出现时，您会经常呕吐吗(吐出来)？,0=否 1=是
33,,,D42311,D4.2.3.11 当您出现这种类型的头痛时，日光或其他的光会影响您吗？换句话说，您会更喜欢黑暗吗？,0=否 1=是
34,,,D42312,D4.2.3.12 当您出现这种类型头痛时，声音会影响您吗？换句话说，您更喜欢安静吗？,0=否 1=是
35,,,D42313a,D4.2.3.13 这种类型的头痛发生频率是多少？,
36,,,D42313b,D4.2.3.13  这种类型的头痛一共发生了多少次？-10次以上,1=是
37,,,D43,D4.3 别人是否告诉过您，或者您怀疑自己曾经出现过下面的情况,0=否 1=是 9=不详
38,,,D431,D4.3.1 上述情况是否出现 2 次或以上？,0=否 1=是 9=不详
39,,,D432,D4.3.2 您或您的家人（同床者）是否因上述情况受到伤害或可能受到伤害（如坠床）,0=否 1=是 9=不详
40,,,D44,D4.4 您是否曾被医生诊断为以下疾病？,"0=无	 1=蛛网膜下腔出血	 2=脑动脉瘤	3= 脑肿瘤	 4=周围神经病	 5=其他"
41,,,D44_5a,其他,
42,,,D51,D5.1 您是否患过心绞痛？,0=否 1=是 9=不详
43,,,D511,D5.1.1 首次发作时间？,
44,,,D5121,D5.1.2.1 发作时症状,0=否 1=是 9=不详
45,,,D5121_1a,D5.1.2.1 发作时症状具体描述,
46,,,D5122,D5.1.2.2 心电图,0=否 1=是 9=不详
47,,,D5122_1a,D5.1.2.2 心电图具体描述,
48,,,D5123,D5.1.2.3 冠状动脉造影,0=否 1=是 9=不详
49,,,D5123_1a,D5.1.2.3 冠状动脉造影具体描述,
50,,,D5124,D5.1.2.4 冠状动脉搭桥手术或血管成形术,0=否 1=是 9=不详
51,,,D513,D5.1.3 诊断单位名称,
52,,,D52,D5.2 您是否患过急性心肌梗死？,0=否 1=是 9=不详
53,,,D521,D5.2.1 首次发作时间？,
54,,,D5221,D5.2.2.1 发作时症状,0=否 1=是 9=不详
55,,,D5221_1a,D5.2.2.1 发作时症状具体描述,
56,,,D5222,D5.2.2.2 心电图,0=否 1=是 9=不详
57,,,D5222_1a,D5.2.2.2 心电图具体描述,
58,,,D5223,D5.2.2.3 心肌酶学检查,0=否 1=是 9=不详
59,,,D5223_1a,D5.2.2.3 心肌酶学检查具体描述,
60,,,D5224,D5.1.2.3 冠状动脉造影,0=否 1=是 9=不详
61,,,D5224_1a,D5.2.2.3 冠状动脉造影具体描述,
62,,,D5225,D5.1.2.4 冠状动脉搭桥手术或血管成形术,0=否 1=是 9=不详
63,,,D523,D5.1.3 诊断单位名称,
64,,,D53,D5.3 您是否患过心律失常？,0=否 1=是 9=不详
75,,,D54,D5.4 您是否患过其它类型心脏疾病？,0=否 1=是 9=不详
76,,,D541_a,疾病名称1,
77,,,D541_b,诊断日期1,
78,,,D541_c,诊断单位1,
79,,,D542_a,疾病名称2,
80,,,D542_b,诊断日期2,
81,,,D542_c,诊断单位2,
82,,,D6,D6 您有高胆固醇血症吗？,0=否 1=是 9=不详
83,,,D61,D6.1 您患高胆固醇血症有多少年了？,
84,,,D62,D6.2 您服用降脂药吗？,0=不服 1=偶服 2=经常服
85,,,D63,D6.3 您两周内服用降脂药的情况？,0=不服 1=服
86,,,D7,D7 您患有糖尿病吗？,0=否 1=是 9=不详
87,,,D71,D7.1 发病日期,"0=未治疗 1=药物治疗 2=支架治疗 3=颈动脉内膜剥脱术
"
88,,,D72a,D7.2 最高血糖水平1,
89,,,D72b,D7.2 最高血糖水平2,
90,,,D73,D7.3 目前是否控制饮食,0=否 1=是
91,,,D74,D7.4 您近一个月内使用过胰岛素吗？,0=否 1=是
92,,,D75,D7.5 您使用胰岛素多长时间了？,
93,,,D76,D7.6 您目前服用口服降糖药吗？,0=否 1=是
94,,,D77,D7.7 您使用口服降糖药多长时间了？,
95,,,D8,D8 您是否患有恶性肿瘤？,0=否 1=是 9=不详
96,,,D81a,肿瘤名称1,
97,,,D81b,诊断日期1,
98,,,D81c,诊断单位1,
99,,,D82a,肿瘤名称2,
100,,,D82b,诊断日期2,
101,,,D82c,诊断单位2,
102,,,D9,D9 最近一个月中，您是否服用过药物？,0=否 1=是 9=不详
103,,,D91,D9.1 药物名称,
104,,,D92,D9.2 药物名称,
105,,,D93,D9.3 药物名称,
106,,,D94,D9.4 药物名称,
107,,,D95,D9.5 药物名称,
108,,,D96,D9.6 药物名称,
109,,,D97,D9.7 药物名称,
110,,,D98,D9.8 药物名称,
111,,,D99,D9.9 药物名称,
112,,,CreateTime,,
113,,,CreateUser,,
1,t_Sqdl_Q,检查项目,GUID,,
2,,,WBC,白细胞计数,
3,,,NEUT2,中性粒细胞百分比,
4,,,LYMPH2,淋巴细胞百分比,
5,,,MONO2,单核细胞百分比,
6,,,EOS2,嗜酸性粒细胞百分比,
7,,,BASO2,嗜碱性粒细胞百分比,
8,,,NEUT,中性粒细胞绝对值,
9,,,LYMPH,淋巴细胞绝对值,
10,,,MONO,单核细胞绝对值,
11,,,EOS,嗜酸性粒细胞绝对值,
12,,,BASO,嗜碱细胞绝对值,
13,,,RBC,红细胞绝计数,
14,,,HGB,血红蛋白量,
15,,,HCT,红细胞比积,
16,,,MCV,平均红细胞体积,
17,,,MCH,平均红细胞血红蛋白量,
18,,,MCHC,平均红细胞血红蛋白浓度,
19,,,PLT,血小板计数,
20,,,MPV,平均血小板体积,
21,,,ALT,丙氨酸氨基转移酶,
22,,,TP,总蛋白,
23,,,ALB,白蛋白,
24,,,CR,肌酐,
25,,,BUN,尿素氮,
26,,,HCY,同型半胱氨酸,
27,,,GLU,葡萄糖,
28,,,Ca,钙,
29,,,P,无机磷酸盐,
30,,,hs_CRP,超敏C反应蛋白,
31,,,TC,总胆固醇,
32,,,TG,甘油三酯,
33,,,HDL_C,高密度脂蛋白胆固醇,
34,,,LDL_C,低密度脂蛋白胆固醇,
35,,,Lp_a,脂蛋白a,
36,,,UALB,尿液白蛋白,
37,,,UCr,尿液肌酐,
38,,,UALB_UCr,尿液白蛋白/尿液肌酐,
39,,,T,睾酮,
40,,,INS,胰岛素（空腹）,
41,,,TG_Ab,甲状腺球蛋白抗体,
42,,,TPO_Ab,甲状腺过氧化物酶抗体,
43,,,FT3,游离T3,
44,,,FT4,游离T4,
45,,,TSH,血清促甲状腺激素,
46,,,HbA1a,HbA1ab（MQ）,
47,,,GHB,总糖化血红蛋白（MQ）,
48,,,HbA1c,糖化血红蛋白A1c,
49,,,MBG,平均血糖,
50,,,CreateUser,,
51,,,CreateTime,,
52,,,HbA1b,HbA1b,
53,,,GDX1,"	25羟维生素D测定",
54,,,GDX2,N-MID骨钙素,
55,,,GDX3,总I型胶原氨基端延长肽,
56,,,GDX4,"	β-胶原特殊序列",
57,,,YS_FA,"	叶酸",
58,,,YS_VB12,"	维生素B12",
1,t_Sqdl_R,心脏彩超检查,GUID,,
2,,,AO,主动脉内径,
3,,,LA,"	左房内径",
4,,,LVD,左室舒张末内径,
5,,,LVS,左室收缩末内径,
6,,,IVS,"	室间隔厚度",
7,,,LVPW,"	左室后壁厚度",
8,,,PA,肺动脉内径,
9,,,sPAP,"	肺动脉压力",
10,,,LVEF,"	左室射血分数",
11,,,Diagnosis,诊断意见,
12,,,CreateTime,,
13,,,CreateUser,,
1,t_Sqdl_S,颈动脉彩超检查,GUID,,
2,,,S1_1,内中膜左侧厚度,
3,,,S1_2,内中膜右侧厚度,
4,,,S2_1_1,左侧斑块有无,0=无 1=有
5,,,S2_1_2,右侧斑块有无,0=无 1=有
6,,,S2_2_1,左侧斑块数量,
7,,,S2_2_2,右侧斑块数量,
8,,,S2_3_1,左侧斑块部位,1=颈总动脉 2=颈动脉分叉处 3= 颈内动脉
9,,,S2_3_2,右侧斑块部位,1=颈总动脉 2=颈动脉分叉处 3= 颈内动脉
10,,,S2_4_1,左侧斑块最大厚度,
11,,,S2_4_2,右侧斑块最大厚度,
12,,,S3_1_1,左侧狭窄有无,0=无 1=有
13,,,S3_1_2,右侧狭窄有无,0=无 1=有
14,,,S3_2_1,左侧狭窄部位,1=颈总动脉 2=颈动脉分叉处 3= 颈内动脉
15,,,S3_2_2,右侧狭窄部位,1=颈总动脉 2=颈动脉分叉处 3= 颈内动脉
16,,,S3_3_1,左侧狭窄程度,1=小于50% 3= 大于50%
17,,,S3_3_2,右侧狭窄程度,1=小于50% 3= 大于50%
18,,,S3_4_1,左侧狭窄多普勒 PSV,
19,,,S3_4_2,右侧狭窄多普勒 PSV,
20,,,CreateTime,,
21,,,CreateUser,,
